exp_id,block,features,model,selection,params,cv_seconds,full_fit_seconds,accuracy,macro_F1,min_F1,n_ge_0.8,macro_ROC_AUC,macro_PR_AUC,F1 Bug fix,F1 Feature dev,F1 Refactoring,F1 Architecting,F1 Researching,F1 Testing,F1 Review,F1 Optimize,F1 Setup,F1 Other,time
tfidf-W_ridge,1,tfidf-W,ridge,"fold-0 grid, min-F1 then macro-F1","{""alpha"": 3.0, ""cw"": ""balanced""}",10.4,7.1,0.6153194578896418,0.5163737662321753,0.2335329341317365,0,0.8967537863472043,0.5277524887947278,0.6815497623505689,0.641194381691386,0.4237427864798021,0.4014842300556587,0.5923183711244795,0.5907808090310442,0.3356718834322719,0.2335329341317365,0.5332885003362475,0.7301740036885576,2026-10-04 11:35
tfidf-W_lr,1,tfidf-W,lr,"fold-0 grid, min-F1 then macro-F1","{""C"": 3.0, ""cw"": ""balanced""}",185.5,68.3,0.6422636334301387,0.5311966837887869,0.2072072072072072,0,0.907067541385464,0.5472955393437426,0.6922098119609783,0.6684101361709802,0.4343137254901961,0.4145220588235294,0.6146128680479825,0.6338028169014084,0.3425985778926955,0.2072072072072072,0.5602809207959423,0.7440087145969498,2026-10-04 11:42
tfidf-W_svm,1,tfidf-W,svm,"fold-0 grid, min-F1 then macro-F1","{""C"": 0.1, ""cw"": ""balanced""}",10.3,7.4,0.6260890609874153,0.5204983067362976,0.2222222222222222,0,0.9013517134285634,0.530397251813224,0.680754502907389,0.6548009367681499,0.4214417744916821,0.4113353370545298,0.5941258094357077,0.5990243902439024,0.3397773872290568,0.2222222222222222,0.5482344375682563,0.73326626944208,2026-10-04 11:43
tfidf-C_ridge,1,tfidf-C,ridge,"fold-0 grid, min-F1 then macro-F1","{""alpha"": 3.0, ""cw"": ""balanced""}",24.4,16.9,0.6029767666989352,0.5092142446117232,0.2423076923076923,0,0.8959289878800009,0.5304859876269075,0.6654830596242046,0.599280205655527,0.3980436418359669,0.3912890762205831,0.5888672991198994,0.5980126467931346,0.2983213429256595,0.2423076923076923,0.5525291828793775,0.7580082987551866,2026-10-04 11:44
tfidf-C_lr,1,tfidf-C,lr,"fold-0 grid, min-F1 then macro-F1","{""C"": 3.0, ""cw"": ""balanced""}",95.5,57.1,0.638270409809616,0.536397005298879,0.2641509433962264,0,0.913090622917884,0.5602332671437653,0.6862857142857143,0.6459343794579173,0.4202576632607729,0.4160736709920469,0.6167844144722757,0.6378378378378379,0.3342873497424156,0.2641509433962264,0.5723830734966592,0.7699750060469241,2026-10-04 11:50
tfidf-C_svm,1,tfidf-C,svm,"fold-0 grid, min-F1 then macro-F1","{""C"": 0.1, ""cw"": ""balanced""}",21.4,13.9,0.6248789932236205,0.5256970777065642,0.2466960352422907,0,0.9060161157947064,0.5434759084881648,0.6757571408066598,0.6295113691340106,0.4176211453744494,0.4083160083160083,0.5964354637302758,0.6302681992337165,0.3267326732673267,0.2466960352422907,0.5638187478381184,0.761813994122786,2026-10-04 11:51
tfidf-WC_ridge,1,tfidf-WC,ridge,"fold-0 grid, min-F1 then macro-F1","{""alpha"": 1.0, ""cw"": ""balanced""}",47.6,32.5,0.6625927718618909,0.5493531176909527,0.2537313432835821,0,0.901327050507618,0.5568129706348522,0.7035517192585254,0.6705191873589165,0.4432325235498264,0.4335532516493873,0.6532831451275617,0.6544671689989235,0.3324432576769025,0.2537313432835821,0.5652676164805545,0.7834819635253474,2026-10-04 11:54
tfidf-WC_lr,1,tfidf-WC,lr,"fold-0 grid, min-F1 then macro-F1","{""C"": 3.0, ""cw"": ""balanced""}",94.9,78.4,0.6671910293643111,0.5580094449987418,0.2666666666666667,0,0.9230334039753312,0.5863044913169018,0.7091349579592419,0.6818548748766706,0.4523929471032745,0.4364508393285372,0.651601534155696,0.6734926052332195,0.352542372881356,0.2666666666666667,0.5796178343949044,0.7763398173878522,2026-10-04 12:13
tfidf-WC_svm,1,tfidf-WC,svm,"fold-0 grid, min-F1 then macro-F1","{""C"": 0.1, ""cw"": ""balanced""}",19.5,17.2,0.6548886737657309,0.5506745973305146,0.2802547770700637,0,0.9149933756257893,0.5699106099161602,0.6985168282943526,0.6675269610102315,0.4492481203007519,0.42902494331065755,0.6365723029839327,0.6531440162271805,0.34328358208955223,0.2802547770700637,0.5755131964809385,0.773661245537485,2026-10-04 12:14
